Tb,mrate
5,0.0016422
12,0.002366757
20,0.007695684
24,0.011011122
27,0.020467552
29,0.028250338
30,0.032857636
